Workbook

Sheet Document Control
A1: Change Impact Assessment — Document Control
B3: Program | C3: [Program name]
B4: Artifact | C4: Change Impact Assessment
B5: Version | C5: v1.0 — Final template for OCM team use
B6: Owner | C6: OCM Lead
B7: Reviewers | C7: Program Manager; Communications Lead; Project Managers
B8: Approver | C8: Program Sponsor
B9: Last revised | C9: [date]
B10: Refresh cadence | C10: Reassess at the entry to each stage gate and before every readiness gate; update within five business days of any scope or wave change.
B11: System of record note | C11: RAID items, decisions, and tasks arising from this assessment are logged in ServiceNow. This workbook owns impact analysis only.
B12: Linked artifacts | C12: Communications Plan (audiences, phase arc, calendar) — audience segmentation in this workbook mirrors the plan's seven audiences
C13: Message House (Safer / Simpler / Ready) — behavior-change statements feed message content
C14: Sponsor Action Roadmap (Say / Attend / Sign) — sponsor actions in Readiness Requirements feed the roadmap
C15: Readiness Gates — Readiness Requirements and Traceability feed go / no-go criteria
C16: Stakeholder Assessment workbook — stakeholder register is keyed to the audience IDs in this workbook

Sheet Instructions
A1: Change Impact Assessment — Instructions & Method
B3: Purpose
B4: This workbook identifies every audience group touched by the program's changes, rates the impact across seven dimensions, and converts those findings into readiness requirements, resistance mitigations, and traceable inputs to the Communications Plan, training plan, and readiness gates.
B5: Alignment to the Communications Plan
B6: The Audience Inventory is pre-populated with the seven audiences defined in the Communications Plan. Do not rename audiences here without updating the Communications Plan — the two artifacts must segment identically or messages and impacts will not trace. The Behavior Change column on the Impact Assessment tab is the raw material for the Message House; the Communication Touches column on Readiness Requirements feeds the plan's calendar; the Traceability tab confirms the loop is closed.
B7: How the tabs connect
B8: 1. Change Summary — pre-seeded with the program's four workstream changes. Refine descriptions and add wave-level rows as scope firms up.
B9: 2. Audience Inventory — pre-seeded with the seven Communications Plan audiences. Add headcount, point of contact, and cascading sponsor; split an audience only if the split will receive different messages or training.
B10: 3. Impact Assessment — rate each change-audience pair across the seven impact dimensions using the Rating Criteria definitions. Impact Score and Overall Impact calculate automatically.
B11: 4. Rating Criteria — High / Medium / Low definitions per dimension so ratings are comparable across raters and projects.
B12: 5. Readiness Requirements — the training, access, communication touches, and sponsor actions each audience needs before its mapped stage gate.
B13: 6. Resistance & Risk — audience-level adoption risks (change fatigue, competing initiatives, prior pushback) with mitigation owners.
B14: 7. Traceability — confirms each audience traces to a Communications Plan entry, a training item, and a readiness gate criterion. The Trace Status column flags gaps automatically.
... B21: White cell = enter data | Grey cell = formula, do not edit | Red / Amber / Green = High / Medium / Low | Italic row = worked example, replace with real data | Pre-seeded rows = starting data from the Communications Plan and program scope, refine as needed

Sheet Rating Criteria
A1: Rating Criteria — apply these definitions on the Impact Assessment tab
A2: Impact Dimension | B2: High (3) | C2: Medium (2) | D2: Low (1)
A3: Process & Workflow | B3: Core daily workflow is redesigned or replaced; the group cannot perform the process the old way after go-live. | C3: Notable steps change within an existing workflow; workarounds exist for a transition period. | D3: Minor step or sequence changes; the group could self-discover the change with light guidance.
A4: Tools & Systems | B4: Primary system is replaced or a new system becomes mandatory for daily work. | C4: Significant new features, screens, or integrations in an existing system. | D4: Cosmetic or infrequent system changes; no new login or interface to learn.
A5: Skills & Knowledge | B5: New skills required that need formal training and practice before go-live. | C5: Existing skills extended; short instructor-led or guided sessions close the gap. | D5: Awareness-level knowledge only; a job aid or announcement is sufficient.
A6: Roles & Responsibilities | B6: Roles are created, eliminated, or accountability moves between teams. | C6: Responsibilities shift within existing roles; approval paths or handoffs change. | D6: No accountability change; minor task ownership adjustments.
A7: Effort & Time | B7: Sustained additional effort, or significant one-time effort during cutover that displaces normal duties. | C7: Moderate one-time effort (testing, validation, migration tasks) absorbed within normal capacity. | D7: Minimal effort; participation limited to reading communications or brief actions.
A8: Risk Exposure | B8: Failure by this group directly threatens go-live, compliance, customer or mission-critical service, or security posture. | C8: Failure creates rework, delay, or degraded service that is recoverable within the wave. | D8: Failure has limited, contained consequences with simple recovery.
A9: Downstream Impact | B9: Other groups or systems cannot proceed or operate if this group is not ready (widest reach). | C9: One or two dependent groups or systems are delayed if this group is not ready. | D9: No dependent groups or systems rely on this group's readiness.

Sheet Change Summary
A1: Change Summary — pre-seeded with program workstreams; add wave-level rows as scope firms up
A2: Change ID | B2: Change Name | C2: Description | D2: Current State | E2: Future State | F2: Go-Live / Wave | G2: Change Owner | H2: Status
A3: CH-01 | B3: SSO Consolidation | C3: Consolidate application sign-in onto the enterprise single sign-on platform, retiring separate credentials wave by wave. | D3: [describe how this works today] | E3: [describe the target state] | H3: Planned
A4: CH-02 | B4: MFA Enforcement | C4: Enforce multi-factor authentication across the workforce and partner access paths. | D4: [describe how this works today] | E4: [describe the target state] | H4: Planned
A5: CH-03 | B5: IGA Rollout | C5: Introduce identity governance for access requests, approvals, and certifications. | D5: [describe how this works today] | E5: [describe the target state] | H5: Planned
A6: CH-04 | B6: Privileged Access Onboarding | C6: Bring privileged accounts under vaulting, session management, and just-in-time access controls. | D6: [describe how this works today] | E6: [describe the target state] | H6: Planned

Sheet Audience Inventory
A1: Audience Inventory — the seven Communications Plan audiences; segment further only if the split gets different messages or training
A2: Audience ID | B2: Audience Group | C2: Description | D2: Headcount | E2: Location(s) | F2: Point of Contact | G2: Cascading Sponsor | H2: Concurrent Change Load
A3: AUD-01 | B3: Executive Leadership | C3: Executives who sponsor the program, approve investment, and set the tone for adoption across the organization. | H3: [other initiatives hitting this audience in the same window]
A4: AUD-02 | B4: People Leaders | C4: Managers and supervisors who cascade messages, prepare their teams, and absorb first-line questions and resistance. | H4: [other initiatives hitting this audience in the same window]
A5: AUD-03 | B5: Frontline Staff | C5: Frontline staff whose daily workflow depends on uninterrupted access to core operational applications; lowest tolerance for disruption. [Adjust for client: clinical staff, branch staff, plant operators.] | H5: [other initiatives hitting this audience in the same window]
A6: AUD-04 | B6: General Workforce | C6: All remaining staff whose sign-in, access request, and credential experience changes. | H6: [other initiatives hitting this audience in the same window]
A7: AUD-05 | B7: IT & Application Owners | C7: Application owners and IT teams accountable for integration, testing, and validation of each wave. | H7: [other initiatives hitting this audience in the same window]
A8: AUD-06 | B8: Help Desk Teams | C8: Front-line support absorbing call volume at each wave; need scripts, knowledge articles, and escalation paths before go-live. | H8: [other initiatives hitting this audience in the same window]
A9: AUD-07 | B9: External Partners | C9: Vendors, affiliates, and partner organizations whose access paths or federation change. | H9: [other initiatives hitting this audience in the same window]

Sheet Impact Assessment
A1: Impact Assessment — rate each change-audience pair using the Rating Criteria; Behavior Change feeds the Message House
A2: Change ID | B2: Audience ID | C2: Audience Group | D2: Process & Workflow | E2: Tools & Systems | F2: Skills & Knowledge | G2: Roles & Responsibilities | H2: Effort & Time | I2: Risk Exposure | J2: Downstream Impact | K2: Impact Score | L2: Overall Impact | M2: Timing of Impact | N2: Duration | O2: Behavior Change (From → To)
A3: CH-01 | B3: AUD-05 | C3: IT & Application Owners | D3: High | E3: High | F3: Medium | G3: Medium | H3: High | I3: High | J3: High | K3: =IF(COUNTA(D3:J3)=0,"",ROUND((COUNTIF(D3:J3,"High")*3+COUNTIF(D3:J3,"Medium")*2+COUNTIF(D3:J3,"Low"))/COUNTA(D3:J3),1)) -> 2.7 | L3: =IF(K3="","",IF(K3>=2.3,"High",IF(K3>=1.5,"Medium","Low"))) -> High | M3: Before Go-Live | N3: One-Time | O3: From validating logins app-by-app with local credentials → to validating role-based access through SSO test plans before each wave.
K4: =IF(COUNTA(D4:J4)=0,"",ROUND((COUNTIF(D4:J4,"High")*3+COUNTIF(D4:J4,"Medium")*2+COUNTIF(D4:J4,"Low"))/COUNTA(D4:J4),1)) | L4: =IF(K4="","",IF(K4>=2.3,"High",IF(K4>=1.5,"Medium","Low")))
K5: =IF(COUNTA(D5:J5)=0,"",ROUND((COUNTIF(D5:J5,"High")*3+COUNTIF(D5:J5,"Medium")*2+COUNTIF(D5:J5,"Low"))/COUNTA(D5:J5),1)) | L5: =IF(K5="","",IF(K5>=2.3,"High",IF(K5>=1.5,"Medium","Low")))
K6: =IF(COUNTA(D6:J6)=0,"",ROUND((COUNTIF(D6:J6,"High")*3+COUNTIF(D6:J6,"Medium")*2+COUNTIF(D6:J6,"Low"))/COUNTA(D6:J6),1)) | L6: =IF(K6="","",IF(K6>=2.3,"High",IF(K6>=1.5,"Medium","Low")))
K7: =IF(COUNTA(D7:J7)=0,"",ROUND((COUNTIF(D7:J7,"High")*3+COUNTIF(D7:J7,"Medium")*2+COUNTIF(D7:J7,"Low"))/COUNTA(D7:J7),1)) | L7: =IF(K7="","",IF(K7>=2.3,"High",IF(K7>=1.5,"Medium","Low")))
K8: =IF(COUNTA(D8:J8)=0,"",ROUND((COUNTIF(D8:J8,"High")*3+COUNTIF(D8:J8,"Medium")*2+COUNTIF(D8:J8,"Low"))/COUNTA(D8:J8),1)) | L8: =IF(K8="","",IF(K8>=2.3,"High",IF(K8>=1.5,"Medium","Low")))
K9: =IF(COUNTA(D9:J9)=0,"",ROUND((COUNTIF(D9:J9,"High")*3+COUNTIF(D9:J9,"Medium")*2+COUNTIF(D9:J9,"Low"))/COUNTA(D9:J9),1)) | L9: =IF(K9="","",IF(K9>=2.3,"High",IF(K9>=1.5,"Medium","Low")))
K10: =IF(COUNTA(D10:J10)=0,"",ROUND((COUNTIF(D10:J10,"High")*3+COUNTIF(D10:J10,"Medium")*2+COUNTIF(D10:J10,"Low"))/COUNTA(D10:J10),1)) | L10: =IF(K10="","",IF(K10>=2.3,"High",IF(K10>=1.5,"Medium","Low")))
K11: =IF(COUNTA(D11:J11)=0,"",ROUND((COUNTIF(D11:J11,"High")*3+COUNTIF(D11:J11,"Medium")*2+COUNTIF(D11:J11,"Low"))/COUNTA(D11:J11),1)) | L11: =IF(K11="","",IF(K11>=2.3,"High",IF(K11>=1.5,"Medium","Low")))
K12: =IF(COUNTA(D12:J12)=0,"",ROUND((COUNTIF(D12:J12,"High")*3+COUNTIF(D12:J12,"Medium")*2+COUNTIF(D12:J12,"Low"))/COUNTA(D12:J12),1)) | L12: =IF(K12="","",IF(K12>=2.3,"High",IF(K12>=1.5,"Medium","Low")))
K13: =IF(COUNTA(D13:J13)=0,"",ROUND((COUNTIF(D13:J13,"High")*3+COUNTIF(D13:J13,"Medium")*2+COUNTIF(D13:J13,"Low"))/COUNTA(D13:J13),1)) | L13: =IF(K13="","",IF(K13>=2.3,"High",IF(K13>=1.5,"Medium","Low")))
K14: =IF(COUNTA(D14:J14)=0,"",ROUND((COUNTIF(D14:J14,"High")*3+COUNTIF(D14:J14,"Medium")*2+COUNTIF(D14:J14,"Low"))/COUNTA(D14:J14),1)) | L14: =IF(K14="","",IF(K14>=2.3,"High",IF(K14>=1.5,"Medium","Low")))
K15: =IF(COUNTA(D15:J15)=0,"",ROUND((COUNTIF(D15:J15,"High")*3+COUNTIF(D15:J15,"Medium")*2+COUNTIF(D15:J15,"Low"))/COUNTA(D15:J15),1)) | L15: =IF(K15="","",IF(K15>=2.3,"High",IF(K15>=1.5,"Medium","Low")))
... K122: =IF(COUNTA(D122:J122)=0,"",ROUND((COUNTIF(D122:J122,"High")*3+COUNTIF(D122:J122,"Medium")*2+COUNTIF(D122:J122,"Low"))/COUNTA(D122:J122),1)) | L122: =IF(K122="","",IF(K122>=2.3,"High",IF(K122>=1.5,"Medium","Low")))

Sheet Readiness Requirements
A1: Readiness Requirements — what each audience needs before its stage gate; sponsor actions feed the Sponsor Action Roadmap
A2: Audience ID | B2: Audience Group | C2: Training Required | D2: Access / Provisioning | E2: Communication Touches | F2: Sponsor Actions (feed Sponsor Action Roadmap) | G2: Stage Gate | H2: Readiness Criterion | I2: Owner | J2: Due Date | K2: Status
A3: AUD-05 | B3: IT & Application Owners | C3: SSO validation test-plan workshop (90 min) with hands-on practice check, plus validation job aid. | D3: Test-tenant access provisioned for all app owners two weeks before wave testing opens. | E3: Workshop invitation three weeks out, reminder one week out, testing-window kickoff note — all scheduled in the Communications Plan calendar. | F3: Cascading sponsor opens the workshop invitation (Say), attends the testing kickoff (Attend), and confirms training completion at the leaders meeting (Sign). | G3: Build / Test / Validation | H3: 100% of app owners pass the hands-on check and are provisioned before wave testing opens. | I3: OCM Lead | J3: [YYYY-MM-DD] | K3: In Progress

Sheet Resistance & Risk
A1: Resistance & Risk — audience-level adoption risks; escalate program-level items to ServiceNow RAID
A2: Flag ID | B2: Audience Group | C2: Flag Type | D2: Description | E2: Likelihood | F2: Impact if Unmanaged | G2: Mitigation | H2: Mitigation Owner | I2: ServiceNow RAID Ref | J2: Status
A3: FL-01 | B3: IT & Application Owners | C3: Competing Initiative | D3: Major application upgrade testing overlaps the Wave 1 validation window, splitting owner capacity. | E3: High | F3: High | G3: Sequence Wave 1 validation to close one week before the upgrade testing opens; escalate conflicts through the cascading sponsor. | H3: Program Manager | I3: RISK-[ID] | J3: Open

Sheet Traceability
A1: Traceability — every audience maps to a Communications Plan entry, a training item, and a readiness gate criterion
A2: Audience ID | B2: Audience Group | C2: Communications Plan Entry (phase & calendar row) | D2: Training Item | E2: Readiness Gate Criterion | F2: Trace Status
A3: AUD-05 | B3: IT & Application Owners | C3: Communications Plan: Action phase — wave briefing, testing digest, go-live confirmation | D3: SSO test-plan workshop + validation job aid | E3: Go-Live gate: 100% Wave 1 applications validated and signed off | F3: =IF(A3="","",IF(OR(C3="",D3="",E3=""),"Gap","Complete")) -> Complete
F4: =IF(A4="","",IF(OR(C4="",D4="",E4=""),"Gap","Complete"))
F5: =IF(A5="","",IF(OR(C5="",D5="",E5=""),"Gap","Complete"))
F6: =IF(A6="","",IF(OR(C6="",D6="",E6=""),"Gap","Complete"))
F7: =IF(A7="","",IF(OR(C7="",D7="",E7=""),"Gap","Complete"))
F8: =IF(A8="","",IF(OR(C8="",D8="",E8=""),"Gap","Complete"))
F9: =IF(A9="","",IF(OR(C9="",D9="",E9=""),"Gap","Complete"))
F10: =IF(A10="","",IF(OR(C10="",D10="",E10=""),"Gap","Complete"))
F11: =IF(A11="","",IF(OR(C11="",D11="",E11=""),"Gap","Complete"))
F12: =IF(A12="","",IF(OR(C12="",D12="",E12=""),"Gap","Complete"))
F13: =IF(A13="","",IF(OR(C13="",D13="",E13=""),"Gap","Complete"))
F14: =IF(A14="","",IF(OR(C14="",D14="",E14=""),"Gap","Complete"))
F15: =IF(A15="","",IF(OR(C15="",D15="",E15=""),"Gap","Complete"))
... F122: =IF(A122="","",IF(OR(C122="",D122="",E122=""),"Gap","Complete"))

Sheet Impact Summary
A1: Impact Summary — automatic counts for gate reviews and status reporting
B3: Overall Impact (change-audience pairs)
B4: High | C4: =COUNTIF('Impact Assessment'!$L:$L,"High") -> 1
B5: Medium | C5: =COUNTIF('Impact Assessment'!$L:$L,"Medium") -> 0
B6: Low | C6: =COUNTIF('Impact Assessment'!$L:$L,"Low") -> 0
B8: Timing of Impact
B9: Before Go-Live | C9: =COUNTIF('Impact Assessment'!$M:$M,"Before Go-Live") -> 1
B10: During Testing | C10: =COUNTIF('Impact Assessment'!$M:$M,"During Testing") -> 0
B11: At Go-Live | C11: =COUNTIF('Impact Assessment'!$M:$M,"At Go-Live") -> 0
B12: Post-Stabilization | C12: =COUNTIF('Impact Assessment'!$M:$M,"Post-Stabilization") -> 0
B14: Readiness Requirement Status
B15: Not Started | C15: =COUNTIF('Readiness Requirements'!$K:$K,"Not Started") -> 0
B16: In Progress | C16: =COUNTIF('Readiness Requirements'!$K:$K,"In Progress") -> 1
B17: Complete | C17: =COUNTIF('Readiness Requirements'!$K:$K,"Complete") -> 0
B18: At Risk | C18: =COUNTIF('Readiness Requirements'!$K:$K,"At Risk") -> 0
B20: Traceability
B21: Gap | C21: =COUNTIF(Traceability!$F:$F,"Gap") -> 0
B22: Complete | C22: =COUNTIF(Traceability!$F:$F,"Complete") -> 1
B24: Open Resistance Flags
B25: Open | C25: =COUNTIF('Resistance & Risk'!$J:$J,"Open") -> 1
B26: Mitigating | C26: =COUNTIF('Resistance & Risk'!$J:$J,"Mitigating") -> 0
B28: Counts include worked example rows until they are replaced with real data.
