Workbook

Sheet Document Control
A1: Training & Awareness Plan — Document Control
B3: Program | C3: [Program name]
B4: Artifact | C4: Training & Awareness Plan
B5: Version | C5: v1.0 — Final template for OCM team use
B6: Owner | C6: Training Lead (or OCM Lead where no dedicated training role exists)
B7: Reviewers | C7: OCM Lead; Program Manager; audience points of contact
B8: Approver | C8: Program Sponsor
B9: Last revised | C9: [date]
B10: Lock point | C10: Detailed delivery schedule locked six weeks before each wave go-live; refreshed per wave and for reinforcement.
B11: Refresh cadence | C11: Training Needs reassessed whenever the Change Impact Assessment is reassessed; completion tracking updated weekly during active delivery.
B12: System of record note | C12: Enrollment and completion records live in the learning management system where one exists; this workbook owns the plan, schedule, and readiness rollup.
B13: Linked artifacts | C13: Change Impact Assessment — Skills & Knowledge ratings and Behavior Change statements are the source of every training need
C14: Communications Plan — training invitations, reminders, and completion nudges are scheduled in the plan's calendar, not sent ad hoc
C15: Stakeholder Assessment — Sponsor Coalition Say / Attend / Sign actions include opening flagship sessions and reinforcing completion deadlines
C16: Readiness Gates — completion thresholds on the Completion & Assessment tab are go / no-go criteria

Sheet Instructions
A1: Training & Awareness Plan — Instructions & Method
B3: Purpose
B4: This workbook operationalizes the training strategy: who is trained on what, when, by whom, in what format, with what assessment, and to what completion threshold before each readiness gate. It converts the Change Impact Assessment's Skills & Knowledge findings into a curriculum, a delivery schedule, and a completion rollup the gates can consume.
B5: Derivation rule
B6: Every training need derives from the Change Impact Assessment. A High Skills & Knowledge rating requires Proficiency-level training (formal, assessed, before go-live). Medium requires Working Knowledge (guided sessions or workshops). Low requires Awareness only (job aid or announcement — often satisfied by the Communications Plan alone, with no course needed). If a course exists with no impact-assessment row behind it, question the course; if a High rating exists with no course, that is a gate risk.
B7: How the tabs connect
B8: 1. Training Needs — one row per change-audience pair with a Skills & Knowledge impact, carrying the learning objective and required depth. Pull the Behavior Change statement from the Impact Assessment; the learning objective is that statement rewritten as a capability.
B9: 2. Curriculum — the course catalog: one row per course or asset, with modality, duration, developer, and build status.
B10: 3. Delivery Schedule — courses mapped to audiences and waves with dates, trainers, and the stage gate each delivery must precede.
B11: 4. Completion & Assessment — required versus completed headcount per audience-course pair. Completion % calculates automatically; the threshold column is the readiness gate criterion.
B12: 5. Sustainment — reinforcement after go-live: refreshers, job aid upkeep, office hours wind-down, and new-hire onboarding integration so capability survives turnover.
B13: 6. Training Summary — automatic rollups for gate reviews and status reporting.
B14: Coordination with the Communications Plan
... B21: White cell = enter data | Grey cell = formula, do not edit | Red / Amber / Green = attention / watch / healthy | Italic row = worked example, replace with real data

Sheet Reference Data
A1: Reference Data — used by lookups and dropdowns (do not edit)
A2: Audience ID | C2: Audience Group (mirrors the Communications Plan)
A3: AUD-01 | C3: Executive Leadership
A4: AUD-02 | C4: People Leaders
A5: AUD-03 | C5: Frontline Staff
A6: AUD-04 | C6: General Workforce
A7: AUD-05 | C7: IT & Application Owners
A8: AUD-06 | C8: Help Desk Teams
A9: AUD-07 | C9: External Partners
A12: Depth | C12: Definition and impact-rating mapping
A13: Proficiency | C13: Formal training with assessment, completed before go-live. Required where Skills & Knowledge impact is High.
A14: Working Knowledge | C14: Guided sessions or workshops; practice included, light assessment. Required where impact is Medium.
A15: Awareness | C15: Job aid, knowledge article, or announcement. Sufficient where impact is Low; often satisfied by the Communications Plan.

Sheet Training Needs
A1: Training Needs — derived from the Change Impact Assessment; one row per change-audience pair with a skills impact
A2: Need ID | B2: Change ID | C2: Audience ID | D2: Audience Group | E2: Skills & Knowledge Impact | F2: Behavior Change (from Impact Assessment) | G2: Learning Objective (capability statement) | H2: Required Depth | I2: Satisfied By | J2: Priority
A3: TN-01 | B3: CH-01 | C3: AUD-05 | D3: =IF(C3="","",IFERROR(INDEX('Reference Data'!$C$3:$C$9,MATCH(C3,'Reference Data'!$A$3:$A$9,0)),"")) -> IT & Application Owners | E3: Medium | F3: From validating logins app-by-app with local credentials → to validating role-based access through SSO test plans before each wave. | G3: App owners can build, execute, and sign off a role-based SSO validation test plan for their application. | H3: Working Knowledge | I3: Course | J3: High
D4: =IF(C4="","",IFERROR(INDEX('Reference Data'!$C$3:$C$9,MATCH(C4,'Reference Data'!$A$3:$A$9,0)),""))
D5: =IF(C5="","",IFERROR(INDEX('Reference Data'!$C$3:$C$9,MATCH(C5,'Reference Data'!$A$3:$A$9,0)),""))
D6: =IF(C6="","",IFERROR(INDEX('Reference Data'!$C$3:$C$9,MATCH(C6,'Reference Data'!$A$3:$A$9,0)),""))
D7: =IF(C7="","",IFERROR(INDEX('Reference Data'!$C$3:$C$9,MATCH(C7,'Reference Data'!$A$3:$A$9,0)),""))
D8: =IF(C8="","",IFERROR(INDEX('Reference Data'!$C$3:$C$9,MATCH(C8,'Reference Data'!$A$3:$A$9,0)),""))
D9: =IF(C9="","",IFERROR(INDEX('Reference Data'!$C$3:$C$9,MATCH(C9,'Reference Data'!$A$3:$A$9,0)),""))
D10: =IF(C10="","",IFERROR(INDEX('Reference Data'!$C$3:$C$9,MATCH(C10,'Reference Data'!$A$3:$A$9,0)),""))
D11: =IF(C11="","",IFERROR(INDEX('Reference Data'!$C$3:$C$9,MATCH(C11,'Reference Data'!$A$3:$A$9,0)),""))
D12: =IF(C12="","",IFERROR(INDEX('Reference Data'!$C$3:$C$9,MATCH(C12,'Reference Data'!$A$3:$A$9,0)),""))
D13: =IF(C13="","",IFERROR(INDEX('Reference Data'!$C$3:$C$9,MATCH(C13,'Reference Data'!$A$3:$A$9,0)),""))
D14: =IF(C14="","",IFERROR(INDEX('Reference Data'!$C$3:$C$9,MATCH(C14,'Reference Data'!$A$3:$A$9,0)),""))
D15: =IF(C15="","",IFERROR(INDEX('Reference Data'!$C$3:$C$9,MATCH(C15,'Reference Data'!$A$3:$A$9,0)),""))
... D122: =IF(C122="","",IFERROR(INDEX('Reference Data'!$C$3:$C$9,MATCH(C122,'Reference Data'!$A$3:$A$9,0)),""))

Sheet Curriculum
A1: Curriculum — one row per course or asset; every course traces back to Need IDs
A2: Course ID | B2: Course / Asset Title | C2: Description | D2: Need IDs Covered | E2: Modality | F2: Duration | G2: Developer / Owner | H2: Build Status | I2: Prerequisites | J2: Review Sign-off
A3: CRS-01 | B3: SSO Validation Test-Plan Workshop | C3: Hands-on workshop: building and executing a role-based validation test plan in the test tenant, ending with a signed practice sign-off. | D3: TN-01 | E3: Workshop | F3: 90 min | G3: Training Lead | H3: In Build | I3: Test-tenant access provisioned | J3: OCM Lead + technical SME

Sheet Delivery Schedule
A1: Delivery Schedule — locked six weeks before each wave; every delivery precedes a named stage gate
A2: Course ID | B2: Audience ID | C2: Audience Group | D2: Wave / Phase | E2: Delivery Window (start) | F2: Delivery Window (end) | G2: Trainer / Facilitator | H2: Sessions Planned | I2: Capacity per Session | J2: Must Complete Before (Stage Gate) | K2: Invitation via Communications Plan | L2: Status
A3: CRS-01 | B3: AUD-05 | C3: =IF(B3="","",IFERROR(INDEX('Reference Data'!$C$3:$C$9,MATCH(B3,'Reference Data'!$A$3:$A$9,0)),"")) -> IT & Application Owners | D3: Wave 1 | E3: [YYYY-MM-DD] | F3: [YYYY-MM-DD] | G3: Training Lead + SSO SME | H3: 4 | I3: 15 | J3: Build / Test / Validation | K3: Action phase: invite 3 weeks out, reminder 1 week out | L3: Scheduled
C4: =IF(B4="","",IFERROR(INDEX('Reference Data'!$C$3:$C$9,MATCH(B4,'Reference Data'!$A$3:$A$9,0)),""))
C5: =IF(B5="","",IFERROR(INDEX('Reference Data'!$C$3:$C$9,MATCH(B5,'Reference Data'!$A$3:$A$9,0)),""))
C6: =IF(B6="","",IFERROR(INDEX('Reference Data'!$C$3:$C$9,MATCH(B6,'Reference Data'!$A$3:$A$9,0)),""))
C7: =IF(B7="","",IFERROR(INDEX('Reference Data'!$C$3:$C$9,MATCH(B7,'Reference Data'!$A$3:$A$9,0)),""))
C8: =IF(B8="","",IFERROR(INDEX('Reference Data'!$C$3:$C$9,MATCH(B8,'Reference Data'!$A$3:$A$9,0)),""))
C9: =IF(B9="","",IFERROR(INDEX('Reference Data'!$C$3:$C$9,MATCH(B9,'Reference Data'!$A$3:$A$9,0)),""))
C10: =IF(B10="","",IFERROR(INDEX('Reference Data'!$C$3:$C$9,MATCH(B10,'Reference Data'!$A$3:$A$9,0)),""))
C11: =IF(B11="","",IFERROR(INDEX('Reference Data'!$C$3:$C$9,MATCH(B11,'Reference Data'!$A$3:$A$9,0)),""))
C12: =IF(B12="","",IFERROR(INDEX('Reference Data'!$C$3:$C$9,MATCH(B12,'Reference Data'!$A$3:$A$9,0)),""))
C13: =IF(B13="","",IFERROR(INDEX('Reference Data'!$C$3:$C$9,MATCH(B13,'Reference Data'!$A$3:$A$9,0)),""))
C14: =IF(B14="","",IFERROR(INDEX('Reference Data'!$C$3:$C$9,MATCH(B14,'Reference Data'!$A$3:$A$9,0)),""))
C15: =IF(B15="","",IFERROR(INDEX('Reference Data'!$C$3:$C$9,MATCH(B15,'Reference Data'!$A$3:$A$9,0)),""))
... C122: =IF(B122="","",IFERROR(INDEX('Reference Data'!$C$3:$C$9,MATCH(B122,'Reference Data'!$A$3:$A$9,0)),""))

Sheet Completion & Assessment
A1: Completion & Assessment — track training completion against each gate's required threshold; when Threshold Met = Yes, this audience's training requirement is satisfied for its readiness gate
A2: Course ID | B2: Audience ID | C2: Audience Group | D2: Required Headcount | E2: Completed | F2: Completion % | G2: Gate Threshold % | H2: Threshold Met | I2: Assessment Method | J2: Pass Criteria | K2: Stage Gate | L2: Status
A3: CRS-01 | B3: AUD-05 | C3: =IF(B3="","",IFERROR(INDEX('Reference Data'!$C$3:$C$9,MATCH(B3,'Reference Data'!$A$3:$A$9,0)),"")) -> IT & Application Owners | D3: 45 | E3: 38 | F3: =IF(OR(D3="",D3=0,E3=""),"",E3/D3) -> 0.84444444 | G3: 1 | H3: =IF(OR(F3="",G3=""),"",IF(F3>=G3,"Yes","No")) -> No | I3: Hands-on check: each app owner performs a practice validation during the workshop | J3: App owner completes the practice validation correctly on their own, without instructor help | K3: Build / Test / Validation | L3: In Delivery
C4: =IF(B4="","",IFERROR(INDEX('Reference Data'!$C$3:$C$9,MATCH(B4,'Reference Data'!$A$3:$A$9,0)),"")) | F4: =IF(OR(D4="",D4=0,E4=""),"",E4/D4) | H4: =IF(OR(F4="",G4=""),"",IF(F4>=G4,"Yes","No"))
C5: =IF(B5="","",IFERROR(INDEX('Reference Data'!$C$3:$C$9,MATCH(B5,'Reference Data'!$A$3:$A$9,0)),"")) | F5: =IF(OR(D5="",D5=0,E5=""),"",E5/D5) | H5: =IF(OR(F5="",G5=""),"",IF(F5>=G5,"Yes","No"))
C6: =IF(B6="","",IFERROR(INDEX('Reference Data'!$C$3:$C$9,MATCH(B6,'Reference Data'!$A$3:$A$9,0)),"")) | F6: =IF(OR(D6="",D6=0,E6=""),"",E6/D6) | H6: =IF(OR(F6="",G6=""),"",IF(F6>=G6,"Yes","No"))
C7: =IF(B7="","",IFERROR(INDEX('Reference Data'!$C$3:$C$9,MATCH(B7,'Reference Data'!$A$3:$A$9,0)),"")) | F7: =IF(OR(D7="",D7=0,E7=""),"",E7/D7) | H7: =IF(OR(F7="",G7=""),"",IF(F7>=G7,"Yes","No"))
C8: =IF(B8="","",IFERROR(INDEX('Reference Data'!$C$3:$C$9,MATCH(B8,'Reference Data'!$A$3:$A$9,0)),"")) | F8: =IF(OR(D8="",D8=0,E8=""),"",E8/D8) | H8: =IF(OR(F8="",G8=""),"",IF(F8>=G8,"Yes","No"))
C9: =IF(B9="","",IFERROR(INDEX('Reference Data'!$C$3:$C$9,MATCH(B9,'Reference Data'!$A$3:$A$9,0)),"")) | F9: =IF(OR(D9="",D9=0,E9=""),"",E9/D9) | H9: =IF(OR(F9="",G9=""),"",IF(F9>=G9,"Yes","No"))
C10: =IF(B10="","",IFERROR(INDEX('Reference Data'!$C$3:$C$9,MATCH(B10,'Reference Data'!$A$3:$A$9,0)),"")) | F10: =IF(OR(D10="",D10=0,E10=""),"",E10/D10) | H10: =IF(OR(F10="",G10=""),"",IF(F10>=G10,"Yes","No"))
C11: =IF(B11="","",IFERROR(INDEX('Reference Data'!$C$3:$C$9,MATCH(B11,'Reference Data'!$A$3:$A$9,0)),"")) | F11: =IF(OR(D11="",D11=0,E11=""),"",E11/D11) | H11: =IF(OR(F11="",G11=""),"",IF(F11>=G11,"Yes","No"))
C12: =IF(B12="","",IFERROR(INDEX('Reference Data'!$C$3:$C$9,MATCH(B12,'Reference Data'!$A$3:$A$9,0)),"")) | F12: =IF(OR(D12="",D12=0,E12=""),"",E12/D12) | H12: =IF(OR(F12="",G12=""),"",IF(F12>=G12,"Yes","No"))
C13: =IF(B13="","",IFERROR(INDEX('Reference Data'!$C$3:$C$9,MATCH(B13,'Reference Data'!$A$3:$A$9,0)),"")) | F13: =IF(OR(D13="",D13=0,E13=""),"",E13/D13) | H13: =IF(OR(F13="",G13=""),"",IF(F13>=G13,"Yes","No"))
C14: =IF(B14="","",IFERROR(INDEX('Reference Data'!$C$3:$C$9,MATCH(B14,'Reference Data'!$A$3:$A$9,0)),"")) | F14: =IF(OR(D14="",D14=0,E14=""),"",E14/D14) | H14: =IF(OR(F14="",G14=""),"",IF(F14>=G14,"Yes","No"))
C15: =IF(B15="","",IFERROR(INDEX('Reference Data'!$C$3:$C$9,MATCH(B15,'Reference Data'!$A$3:$A$9,0)),"")) | F15: =IF(OR(D15="",D15=0,E15=""),"",E15/D15) | H15: =IF(OR(F15="",G15=""),"",IF(F15>=G15,"Yes","No"))
... C122: =IF(B122="","",IFERROR(INDEX('Reference Data'!$C$3:$C$9,MATCH(B122,'Reference Data'!$A$3:$A$9,0)),"")) | F122: =IF(OR(D122="",D122=0,E122=""),"",E122/D122) | H122: =IF(OR(F122="",G122=""),"",IF(F122>=G122,"Yes","No"))

Sheet Sustainment
A1: Sustainment — reinforcement after go-live so capability survives turnover and drift
A2: Item ID | B2: Audience ID | C2: Audience Group | D2: Sustainment Activity | E2: Trigger / Timing | F2: Owner | G2: New-Hire Onboarding Integration | H2: Review Date | I2: Status
A3: SU-01 | B3: AUD-05 | C3: =IF(B3="","",IFERROR(INDEX('Reference Data'!$C$3:$C$9,MATCH(B3,'Reference Data'!$A$3:$A$9,0)),"")) -> IT & Application Owners | D3: Quarterly refresher on validation test-plan updates; job aid reviewed and reissued after each platform release. | E3: Quarterly, and per platform release | F3: Training Lead | G3: Validation job aid added to new app-owner onboarding checklist; owned by IT onboarding coordinator. | H3: [YYYY-MM-DD] | I3: Planned
C4: =IF(B4="","",IFERROR(INDEX('Reference Data'!$C$3:$C$9,MATCH(B4,'Reference Data'!$A$3:$A$9,0)),""))
C5: =IF(B5="","",IFERROR(INDEX('Reference Data'!$C$3:$C$9,MATCH(B5,'Reference Data'!$A$3:$A$9,0)),""))
C6: =IF(B6="","",IFERROR(INDEX('Reference Data'!$C$3:$C$9,MATCH(B6,'Reference Data'!$A$3:$A$9,0)),""))
C7: =IF(B7="","",IFERROR(INDEX('Reference Data'!$C$3:$C$9,MATCH(B7,'Reference Data'!$A$3:$A$9,0)),""))
C8: =IF(B8="","",IFERROR(INDEX('Reference Data'!$C$3:$C$9,MATCH(B8,'Reference Data'!$A$3:$A$9,0)),""))
C9: =IF(B9="","",IFERROR(INDEX('Reference Data'!$C$3:$C$9,MATCH(B9,'Reference Data'!$A$3:$A$9,0)),""))
C10: =IF(B10="","",IFERROR(INDEX('Reference Data'!$C$3:$C$9,MATCH(B10,'Reference Data'!$A$3:$A$9,0)),""))
C11: =IF(B11="","",IFERROR(INDEX('Reference Data'!$C$3:$C$9,MATCH(B11,'Reference Data'!$A$3:$A$9,0)),""))
C12: =IF(B12="","",IFERROR(INDEX('Reference Data'!$C$3:$C$9,MATCH(B12,'Reference Data'!$A$3:$A$9,0)),""))
C13: =IF(B13="","",IFERROR(INDEX('Reference Data'!$C$3:$C$9,MATCH(B13,'Reference Data'!$A$3:$A$9,0)),""))
C14: =IF(B14="","",IFERROR(INDEX('Reference Data'!$C$3:$C$9,MATCH(B14,'Reference Data'!$A$3:$A$9,0)),""))
C15: =IF(B15="","",IFERROR(INDEX('Reference Data'!$C$3:$C$9,MATCH(B15,'Reference Data'!$A$3:$A$9,0)),""))
... C122: =IF(B122="","",IFERROR(INDEX('Reference Data'!$C$3:$C$9,MATCH(B122,'Reference Data'!$A$3:$A$9,0)),""))

Sheet Training Summary
A1: Training Summary — automatic rollups for gate reviews and status reporting
B3: Curriculum Build Status
B4: Not Started | C4: =COUNTIF(Curriculum!$H:$H,"Not Started") -> 0
B5: In Build | C5: =COUNTIF(Curriculum!$H:$H,"In Build") -> 1
B6: In Review | C6: =COUNTIF(Curriculum!$H:$H,"In Review") -> 0
B7: Ready | C7: =COUNTIF(Curriculum!$H:$H,"Ready") -> 0
B9: Delivery Status
B10: Planned | C10: =COUNTIF('Delivery Schedule'!$L:$L,"Planned") -> 0
B11: Scheduled | C11: =COUNTIF('Delivery Schedule'!$L:$L,"Scheduled") -> 1
B12: In Delivery | C12: =COUNTIF('Delivery Schedule'!$L:$L,"In Delivery") -> 0
B13: Complete | C13: =COUNTIF('Delivery Schedule'!$L:$L,"Complete") -> 0
B14: At Risk | C14: =COUNTIF('Delivery Schedule'!$L:$L,"At Risk") -> 0
B16: Gate Thresholds Met
B17: Yes | C17: =COUNTIF('Completion & Assessment'!$H:$H,"Yes") -> 0
B18: No | C18: =COUNTIF('Completion & Assessment'!$H:$H,"No") -> 1
B20: Training Needs by Priority
B21: High | C21: =COUNTIF('Training Needs'!$J:$J,"High") -> 1
B22: Medium | C22: =COUNTIF('Training Needs'!$J:$J,"Medium") -> 0
B23: Low | C23: =COUNTIF('Training Needs'!$J:$J,"Low") -> 0
B25: Counts include worked example rows until they are replaced with real data.
