Workbook

Sheet Dependency Register
A1: Dependency Register — all needs, feeds, and internal dependencies; a dependency is not real until both owners are named and a date is committed
A2: Dep ID | B2: Direction | C2: Giving Team / Program | D2: Giving Deliverable | E2: Receiving Team / Program | F2: Receiving Milestone / Item | G2: Description | H2: Type | I2: Hard / Soft | J2: Criticality | K2: Stage Gate Affected | L2: Need-By Date | M2: Committed Date | N2: Float (days) | O2: Status | P2: Health | Q2: Giving Owner | R2: Receiving Owner | S2: Escalation Path | T2: ServiceNow Ref | U2: Last Reviewed | V2: Notes
A3: DEP-01 | B3: Needs | C3: HR / HCM Program | D3: Cleansed worker data feed with manager hierarchy | E3: SailPoint IGA | F3: Joiner-mover-leaver automation build | G3: IGA provisioning logic cannot be built against dirty source data; feed must be cleansed and field-mapped before build starts. | H3: Data | I3: Hard | J3: Gate-Blocking | K3: Build / Test / Validation | L3: 47559 | M3: 47545 | N3: =IF(OR(L3="",M3=""),"",L3-M3) -> 14 | O3: Committed | P3: On Track | Q3: [HR data lead] | R3: [IGA PM] | S3: Program Weekly Sync → Steering Committee | T3: RISK-[ID] | U3: 47513 | V3: Field mapping workshop complete; sample file validated.
A4: DEP-02 | B4: Feeds | C4: Okta SSO | D4: Wave 1 SSO go-live (password-reset volume drop) | E4: Service Desk / ITSM Tooling | F4: Retirement of legacy password-reset scripts | G4: Service Desk holds tooling retirement until Wave 1 stabilizes; they are sequencing their own release around our date. | H4: Technical / Integration | I4: Soft | J4: Milestone | K4: Stabilization / Handoff | L4: 47618 | M4: 47611 | N4: =IF(OR(L4="",M4=""),"",L4-M4) -> 7 | O4: Committed | P4: At Risk | Q4: [SSO PM] | R4: [Service Desk lead] | S4: Program Weekly Sync | U4: 47513 | V4: Only one week of float; confirm stabilization exit criteria before their release freeze.
A5: DEP-03 | B5: Internal | C5: SailPoint IGA | D5: Privileged role model (roles + entitlement mapping) | E5: CyberArk PAM | F5: Privileged account onboarding Wave 2 | G5: PAM cannot scope Wave 2 vault onboarding until IGA defines which roles are privileged and who holds them. | H5: Decision / Approval | I5: Hard | J5: Gate-Blocking | K5: Design | L5: 47538 | N5: =IF(OR(L5="",M5=""),"",L5-M5) | O5: Negotiating | P5: Uncommitted | Q5: [IGA PM] | R5: [PAM PM] | S5: Program Weekly Sync → Steering Committee | U5: 47513 | V5: Within 30 days of need-by without commitment — escalate at the Program Weekly Sync.
N6: =IF(OR(L6="",M6=""),"",L6-M6)
N7: =IF(OR(L7="",M7=""),"",L7-M7)
N8: =IF(OR(L8="",M8=""),"",L8-M8)
N9: =IF(OR(L9="",M9=""),"",L9-M9)
N10: =IF(OR(L10="",M10=""),"",L10-M10)
N11: =IF(OR(L11="",M11=""),"",L11-M11)
N12: =IF(OR(L12="",M12=""),"",L12-M12)
N13: =IF(OR(L13="",M13=""),"",L13-M13)
N14: =IF(OR(L14="",M14=""),"",L14-M14)
N15: =IF(OR(L15="",M15=""),"",L15-M15)
N16: =IF(OR(L16="",M16=""),"",L16-M16)
N17: =IF(OR(L17="",M17=""),"",L17-M17)
... N152: =IF(OR(L152="",M152=""),"",L152-M152)

Sheet Dashboard
A1: Dependency Dashboard — copy charts or tiles directly into status decks
B3: Open gate-blocking | E3: Gate-blocking, uncommitted | H3: Late commitments (neg. float) | K3: Total open dependencies
B4: =Summary!C21 -> 2 | E4: =Summary!C22 -> 1 | H4: =Summary!C23 -> 0 | K4: =COUNTIFS('Dependency Register'!$O:$O,"<>",'Dependency Register'!$O:$O,"<>Closed") -> 4
H24: To use in a status deck: click a chart and copy-paste it into PowerPoint (it stays editable), or select the tile area B3:L5 and paste as picture. Charts update automatically as the register changes.

Sheet Summary
A1: Summary — automatic rollups; feeds the executive status deck dependency tags
B3: By Direction
B4: Needs | C4: =COUNTIF('Dependency Register'!$B:$B,"Needs") -> 1
B5: Feeds | C5: =COUNTIF('Dependency Register'!$B:$B,"Feeds") -> 1
B6: Internal | C6: =COUNTIF('Dependency Register'!$B:$B,"Internal") -> 1
B8: By Health
B9: On Track | C9: =COUNTIF('Dependency Register'!$P:$P,"On Track") -> 1
B10: At Risk | C10: =COUNTIF('Dependency Register'!$P:$P,"At Risk") -> 1
B11: Off Track | C11: =COUNTIF('Dependency Register'!$P:$P,"Off Track") -> 0
B12: Uncommitted | C12: =COUNTIF('Dependency Register'!$P:$P,"Uncommitted") -> 1
B14: By Status
B15: Identified | C15: =COUNTIF('Dependency Register'!$O:$O,"Identified") -> 0
B16: Negotiating | C16: =COUNTIF('Dependency Register'!$O:$O,"Negotiating") -> 1
B17: Committed | C17: =COUNTIF('Dependency Register'!$O:$O,"Committed") -> 2
B18: Closed | C18: =COUNTIF('Dependency Register'!$O:$O,"Closed") -> 0
B20: Attention Counts
B21: Open gate-blocking dependencies | C21: =COUNTIFS('Dependency Register'!$J:$J,"Gate-Blocking",'Dependency Register'!$O:$O,"<>Closed") -> 2
B22: Gate-blocking and not yet committed | C22: =COUNTIFS('Dependency Register'!$J:$J,"Gate-Blocking",'Dependency Register'!$P:$P,"Uncommitted") -> 1
B23: Late commitments (negative float) | C23: =COUNTIF('Dependency Register'!$N:$N,"<0") -> 0
B25: Counts include worked example rows until they are replaced with real data.

Sheet PivotSource
A1: Team | B1: Leg | C1: Direction | D1: Dep ID | E1: Status | F1: Health | G1: Need-By | H1: Date Pressure
A2: =IF('Dependency Register'!A3="","",'Dependency Register'!C3) -> HR / HCM Program | B2: =IF($A2="","","Giving") -> Giving | C2: =IF($A2="","",'Dependency Register'!B3) -> Needs | D2: =IF($A2="","",'Dependency Register'!A3) -> DEP-01 | E2: =IF($A2="","",'Dependency Register'!O3) -> Committed | F2: =IF($A2="","",'Dependency Register'!P3) -> On Track | G2: =IF($A2="","",IF('Dependency Register'!L3="","",'Dependency Register'!L3)) -> 47559 | H2: =IF($A2="","",IF($G2="","No Date",IF($G2<TODAY(),"Past Due",IF($G2-TODAY()<=30,"Due ≤30 Days","Later")))) -> Later
A3: =IF('Dependency Register'!A4="","",'Dependency Register'!C4) -> Okta SSO | B3: =IF($A3="","","Giving") -> Giving | C3: =IF($A3="","",'Dependency Register'!B4) -> Feeds | D3: =IF($A3="","",'Dependency Register'!A4) -> DEP-02 | E3: =IF($A3="","",'Dependency Register'!O4) -> Committed | F3: =IF($A3="","",'Dependency Register'!P4) -> At Risk | G3: =IF($A3="","",IF('Dependency Register'!L4="","",'Dependency Register'!L4)) -> 47618 | H3: =IF($A3="","",IF($G3="","No Date",IF($G3<TODAY(),"Past Due",IF($G3-TODAY()<=30,"Due ≤30 Days","Later")))) -> Later
A4: =IF('Dependency Register'!A5="","",'Dependency Register'!C5) -> SailPoint IGA | B4: =IF($A4="","","Giving") -> Giving | C4: =IF($A4="","",'Dependency Register'!B5) -> Internal | D4: =IF($A4="","",'Dependency Register'!A5) -> DEP-03 | E4: =IF($A4="","",'Dependency Register'!O5) -> Negotiating | F4: =IF($A4="","",'Dependency Register'!P5) -> Uncommitted | G4: =IF($A4="","",IF('Dependency Register'!L5="","",'Dependency Register'!L5)) -> 47538 | H4: =IF($A4="","",IF($G4="","No Date",IF($G4<TODAY(),"Past Due",IF($G4-TODAY()<=30,"Due ≤30 Days","Later")))) -> Later
A5: =IF('Dependency Register'!A6="","",'Dependency Register'!C6) | B5: =IF($A5="","","Giving") | C5: =IF($A5="","",'Dependency Register'!B6) | D5: =IF($A5="","",'Dependency Register'!A6) | E5: =IF($A5="","",'Dependency Register'!O6) | F5: =IF($A5="","",'Dependency Register'!P6) | G5: =IF($A5="","",IF('Dependency Register'!L6="","",'Dependency Register'!L6)) | H5: =IF($A5="","",IF($G5="","No Date",IF($G5<TODAY(),"Past Due",IF($G5-TODAY()<=30,"Due ≤30 Days","Later"))))
A6: =IF('Dependency Register'!A7="","",'Dependency Register'!C7) | B6: =IF($A6="","","Giving") | C6: =IF($A6="","",'Dependency Register'!B7) | D6: =IF($A6="","",'Dependency Register'!A7) | E6: =IF($A6="","",'Dependency Register'!O7) | F6: =IF($A6="","",'Dependency Register'!P7) | G6: =IF($A6="","",IF('Dependency Register'!L7="","",'Dependency Register'!L7)) | H6: =IF($A6="","",IF($G6="","No Date",IF($G6<TODAY(),"Past Due",IF($G6-TODAY()<=30,"Due ≤30 Days","Later"))))
A7: =IF('Dependency Register'!A8="","",'Dependency Register'!C8) | B7: =IF($A7="","","Giving") | C7: =IF($A7="","",'Dependency Register'!B8) | D7: =IF($A7="","",'Dependency Register'!A8) | E7: =IF($A7="","",'Dependency Register'!O8) | F7: =IF($A7="","",'Dependency Register'!P8) | G7: =IF($A7="","",IF('Dependency Register'!L8="","",'Dependency Register'!L8)) | H7: =IF($A7="","",IF($G7="","No Date",IF($G7<TODAY(),"Past Due",IF($G7-TODAY()<=30,"Due ≤30 Days","Later"))))
A8: =IF('Dependency Register'!A9="","",'Dependency Register'!C9) | B8: =IF($A8="","","Giving") | C8: =IF($A8="","",'Dependency Register'!B9) | D8: =IF($A8="","",'Dependency Register'!A9) | E8: =IF($A8="","",'Dependency Register'!O9) | F8: =IF($A8="","",'Dependency Register'!P9) | G8: =IF($A8="","",IF('Dependency Register'!L9="","",'Dependency Register'!L9)) | H8: =IF($A8="","",IF($G8="","No Date",IF($G8<TODAY(),"Past Due",IF($G8-TODAY()<=30,"Due ≤30 Days","Later"))))
A9: =IF('Dependency Register'!A10="","",'Dependency Register'!C10) | B9: =IF($A9="","","Giving") | C9: =IF($A9="","",'Dependency Register'!B10) | D9: =IF($A9="","",'Dependency Register'!A10) | E9: =IF($A9="","",'Dependency Register'!O10) | F9: =IF($A9="","",'Dependency Register'!P10) | G9: =IF($A9="","",IF('Dependency Register'!L10="","",'Dependency Register'!L10)) | H9: =IF($A9="","",IF($G9="","No Date",IF($G9<TODAY(),"Past Due",IF($G9-TODAY()<=30,"Due ≤30 Days","Later"))))
A10: =IF('Dependency Register'!A11="","",'Dependency Register'!C11) | B10: =IF($A10="","","Giving") | C10: =IF($A10="","",'Dependency Register'!B11) | D10: =IF($A10="","",'Dependency Register'!A11) | E10: =IF($A10="","",'Dependency Register'!O11) | F10: =IF($A10="","",'Dependency Register'!P11) | G10: =IF($A10="","",IF('Dependency Register'!L11="","",'Dependency Register'!L11)) | H10: =IF($A10="","",IF($G10="","No Date",IF($G10<TODAY(),"Past Due",IF($G10-TODAY()<=30,"Due ≤30 Days","Later"))))
A11: =IF('Dependency Register'!A12="","",'Dependency Register'!C12) | B11: =IF($A11="","","Giving") | C11: =IF($A11="","",'Dependency Register'!B12) | D11: =IF($A11="","",'Dependency Register'!A12) | E11: =IF($A11="","",'Dependency Register'!O12) | F11: =IF($A11="","",'Dependency Register'!P12) | G11: =IF($A11="","",IF('Dependency Register'!L12="","",'Dependency Register'!L12)) | H11: =IF($A11="","",IF($G11="","No Date",IF($G11<TODAY(),"Past Due",IF($G11-TODAY()<=30,"Due ≤30 Days","Later"))))
A12: =IF('Dependency Register'!A13="","",'Dependency Register'!C13) | B12: =IF($A12="","","Giving") | C12: =IF($A12="","",'Dependency Register'!B13) | D12: =IF($A12="","",'Dependency Register'!A13) | E12: =IF($A12="","",'Dependency Register'!O13) | F12: =IF($A12="","",'Dependency Register'!P13) | G12: =IF($A12="","",IF('Dependency Register'!L13="","",'Dependency Register'!L13)) | H12: =IF($A12="","",IF($G12="","No Date",IF($G12<TODAY(),"Past Due",IF($G12-TODAY()<=30,"Due ≤30 Days","Later"))))
A13: =IF('Dependency Register'!A14="","",'Dependency Register'!C14) | B13: =IF($A13="","","Giving") | C13: =IF($A13="","",'Dependency Register'!B14) | D13: =IF($A13="","",'Dependency Register'!A14) | E13: =IF($A13="","",'Dependency Register'!O14) | F13: =IF($A13="","",'Dependency Register'!P14) | G13: =IF($A13="","",IF('Dependency Register'!L14="","",'Dependency Register'!L14)) | H13: =IF($A13="","",IF($G13="","No Date",IF($G13<TODAY(),"Past Due",IF($G13-TODAY()<=30,"Due ≤30 Days","Later"))))
... A151: =IF('Dependency Register'!A152="","",'Dependency Register'!C152) | B151: =IF($A151="","","Giving") | C151: =IF($A151="","",'Dependency Register'!B152) | D151: =IF($A151="","",'Dependency Register'!A152) | E151: =IF($A151="","",'Dependency Register'!O152) | F151: =IF($A151="","",'Dependency Register'!P152) | G151: =IF($A151="","",IF('Dependency Register'!L152="","",'Dependency Register'!L152)) | H151: =IF($A151="","",IF($G151="","No Date",IF($G151<TODAY(),"Past Due",IF($G151-TODAY()<=30,"Due ≤30 Days","Later"))))
A152: =IF('Dependency Register'!A3="","",'Dependency Register'!E3) -> SailPoint IGA | B152: =IF($A152="","","Receiving") -> Receiving | C152: =IF($A152="","",'Dependency Register'!B3) -> Needs | D152: =IF($A152="","",'Dependency Register'!A3) -> DEP-01 | E152: =IF($A152="","",'Dependency Register'!O3) -> Committed | F152: =IF($A152="","",'Dependency Register'!P3) -> On Track | G152: =IF($A152="","",IF('Dependency Register'!L3="","",'Dependency Register'!L3)) -> 47559 | H152: =IF($A152="","",IF($G152="","No Date",IF($G152<TODAY(),"Past Due",IF($G152-TODAY()<=30,"Due ≤30 Days","Later")))) -> Later
A153: =IF('Dependency Register'!A4="","",'Dependency Register'!E4) -> Service Desk / ITSM Tooling | B153: =IF($A153="","","Receiving") -> Receiving | C153: =IF($A153="","",'Dependency Register'!B4) -> Feeds | D153: =IF($A153="","",'Dependency Register'!A4) -> DEP-02 | E153: =IF($A153="","",'Dependency Register'!O4) -> Committed | F153: =IF($A153="","",'Dependency Register'!P4) -> At Risk | G153: =IF($A153="","",IF('Dependency Register'!L4="","",'Dependency Register'!L4)) -> 47618 | H153: =IF($A153="","",IF($G153="","No Date",IF($G153<TODAY(),"Past Due",IF($G153-TODAY()<=30,"Due ≤30 Days","Later")))) -> Later
A154: =IF('Dependency Register'!A5="","",'Dependency Register'!E5) -> CyberArk PAM | B154: =IF($A154="","","Receiving") -> Receiving | C154: =IF($A154="","",'Dependency Register'!B5) -> Internal | D154: =IF($A154="","",'Dependency Register'!A5) -> DEP-03 | E154: =IF($A154="","",'Dependency Register'!O5) -> Negotiating | F154: =IF($A154="","",'Dependency Register'!P5) -> Uncommitted | G154: =IF($A154="","",IF('Dependency Register'!L5="","",'Dependency Register'!L5)) -> 47538 | H154: =IF($A154="","",IF($G154="","No Date",IF($G154<TODAY(),"Past Due",IF($G154-TODAY()<=30,"Due ≤30 Days","Later")))) -> Later
A155: =IF('Dependency Register'!A6="","",'Dependency Register'!E6) | B155: =IF($A155="","","Receiving") | C155: =IF($A155="","",'Dependency Register'!B6) | D155: =IF($A155="","",'Dependency Register'!A6) | E155: =IF($A155="","",'Dependency Register'!O6) | F155: =IF($A155="","",'Dependency Register'!P6) | G155: =IF($A155="","",IF('Dependency Register'!L6="","",'Dependency Register'!L6)) | H155: =IF($A155="","",IF($G155="","No Date",IF($G155<TODAY(),"Past Due",IF($G155-TODAY()<=30,"Due ≤30 Days","Later"))))
A156: =IF('Dependency Register'!A7="","",'Dependency Register'!E7) | B156: =IF($A156="","","Receiving") | C156: =IF($A156="","",'Dependency Register'!B7) | D156: =IF($A156="","",'Dependency Register'!A7) | E156: =IF($A156="","",'Dependency Register'!O7) | F156: =IF($A156="","",'Dependency Register'!P7) | G156: =IF($A156="","",IF('Dependency Register'!L7="","",'Dependency Register'!L7)) | H156: =IF($A156="","",IF($G156="","No Date",IF($G156<TODAY(),"Past Due",IF($G156-TODAY()<=30,"Due ≤30 Days","Later"))))
A157: =IF('Dependency Register'!A8="","",'Dependency Register'!E8) | B157: =IF($A157="","","Receiving") | C157: =IF($A157="","",'Dependency Register'!B8) | D157: =IF($A157="","",'Dependency Register'!A8) | E157: =IF($A157="","",'Dependency Register'!O8) | F157: =IF($A157="","",'Dependency Register'!P8) | G157: =IF($A157="","",IF('Dependency Register'!L8="","",'Dependency Register'!L8)) | H157: =IF($A157="","",IF($G157="","No Date",IF($G157<TODAY(),"Past Due",IF($G157-TODAY()<=30,"Due ≤30 Days","Later"))))
A158: =IF('Dependency Register'!A9="","",'Dependency Register'!E9) | B158: =IF($A158="","","Receiving") | C158: =IF($A158="","",'Dependency Register'!B9) | D158: =IF($A158="","",'Dependency Register'!A9) | E158: =IF($A158="","",'Dependency Register'!O9) | F158: =IF($A158="","",'Dependency Register'!P9) | G158: =IF($A158="","",IF('Dependency Register'!L9="","",'Dependency Register'!L9)) | H158: =IF($A158="","",IF($G158="","No Date",IF($G158<TODAY(),"Past Due",IF($G158-TODAY()<=30,"Due ≤30 Days","Later"))))
A159: =IF('Dependency Register'!A10="","",'Dependency Register'!E10) | B159: =IF($A159="","","Receiving") | C159: =IF($A159="","",'Dependency Register'!B10) | D159: =IF($A159="","",'Dependency Register'!A10) | E159: =IF($A159="","",'Dependency Register'!O10) | F159: =IF($A159="","",'Dependency Register'!P10) | G159: =IF($A159="","",IF('Dependency Register'!L10="","",'Dependency Register'!L10)) | H159: =IF($A159="","",IF($G159="","No Date",IF($G159<TODAY(),"Past Due",IF($G159-TODAY()<=30,"Due ≤30 Days","Later"))))
A160: =IF('Dependency Register'!A11="","",'Dependency Register'!E11) | B160: =IF($A160="","","Receiving") | C160: =IF($A160="","",'Dependency Register'!B11) | D160: =IF($A160="","",'Dependency Register'!A11) | E160: =IF($A160="","",'Dependency Register'!O11) | F160: =IF($A160="","",'Dependency Register'!P11) | G160: =IF($A160="","",IF('Dependency Register'!L11="","",'Dependency Register'!L11)) | H160: =IF($A160="","",IF($G160="","No Date",IF($G160<TODAY(),"Past Due",IF($G160-TODAY()<=30,"Due ≤30 Days","Later"))))
A161: =IF('Dependency Register'!A12="","",'Dependency Register'!E12) | B161: =IF($A161="","","Receiving") | C161: =IF($A161="","",'Dependency Register'!B12) | D161: =IF($A161="","",'Dependency Register'!A12) | E161: =IF($A161="","",'Dependency Register'!O12) | F161: =IF($A161="","",'Dependency Register'!P12) | G161: =IF($A161="","",IF('Dependency Register'!L12="","",'Dependency Register'!L12)) | H161: =IF($A161="","",IF($G161="","No Date",IF($G161<TODAY(),"Past Due",IF($G161-TODAY()<=30,"Due ≤30 Days","Later"))))
A162: =IF('Dependency Register'!A13="","",'Dependency Register'!E13) | B162: =IF($A162="","","Receiving") | C162: =IF($A162="","",'Dependency Register'!B13) | D162: =IF($A162="","",'Dependency Register'!A13) | E162: =IF($A162="","",'Dependency Register'!O13) | F162: =IF($A162="","",'Dependency Register'!P13) | G162: =IF($A162="","",IF('Dependency Register'!L13="","",'Dependency Register'!L13)) | H162: =IF($A162="","",IF($G162="","No Date",IF($G162<TODAY(),"Past Due",IF($G162-TODAY()<=30,"Due ≤30 Days","Later"))))
A163: =IF('Dependency Register'!A14="","",'Dependency Register'!E14) | B163: =IF($A163="","","Receiving") | C163: =IF($A163="","",'Dependency Register'!B14) | D163: =IF($A163="","",'Dependency Register'!A14) | E163: =IF($A163="","",'Dependency Register'!O14) | F163: =IF($A163="","",'Dependency Register'!P14) | G163: =IF($A163="","",IF('Dependency Register'!L14="","",'Dependency Register'!L14)) | H163: =IF($A163="","",IF($G163="","No Date",IF($G163<TODAY(),"Past Due",IF($G163-TODAY()<=30,"Due ≤30 Days","Later"))))
... A301: =IF('Dependency Register'!A152="","",'Dependency Register'!E152) | B301: =IF($A301="","","Receiving") | C301: =IF($A301="","",'Dependency Register'!B152) | D301: =IF($A301="","",'Dependency Register'!A152) | E301: =IF($A301="","",'Dependency Register'!O152) | F301: =IF($A301="","",'Dependency Register'!P152) | G301: =IF($A301="","",IF('Dependency Register'!L152="","",'Dependency Register'!L152)) | H301: =IF($A301="","",IF($G301="","No Date",IF($G301<TODAY(),"Past Due",IF($G301-TODAY()<=30,"Due ≤30 Days","Later"))))

Sheet Initiative Scorecard
A1: Initiative Scorecard — type an initiative name in the yellow cell; all counts exclude Closed
B3: Initiative: | C3: SailPoint IGA | E3: Must match the register name exactly. Optional: add a dropdown via Data Validation pointing at your Initiatives list.
B5: Totals
B6: Total open dependencies | C6: =COUNTIFS(PivotSource!$A:$A,$C$3,PivotSource!$E:$E,"<>Closed") -> 2
B7: Giving (this initiative owes) | C7: =COUNTIFS(PivotSource!$A:$A,$C$3,PivotSource!$E:$E,"<>Closed",PivotSource!$B:$B,"Giving") -> 1
B8: Receiving (waiting on others) | C8: =COUNTIFS(PivotSource!$A:$A,$C$3,PivotSource!$E:$E,"<>Closed",PivotSource!$B:$B,"Receiving") -> 1
B9: By Direction
B10: Needs | C10: =COUNTIFS(PivotSource!$A:$A,$C$3,PivotSource!$E:$E,"<>Closed",PivotSource!$C:$C,"Needs") -> 1
B11: Feeds | C11: =COUNTIFS(PivotSource!$A:$A,$C$3,PivotSource!$E:$E,"<>Closed",PivotSource!$C:$C,"Feeds") -> 0
B12: Internal | C12: =COUNTIFS(PivotSource!$A:$A,$C$3,PivotSource!$E:$E,"<>Closed",PivotSource!$C:$C,"Internal") -> 1
B13: By Health
B14: On Track | C14: =COUNTIFS(PivotSource!$A:$A,$C$3,PivotSource!$E:$E,"<>Closed",PivotSource!$F:$F,"On Track") -> 1
B15: At Risk | C15: =COUNTIFS(PivotSource!$A:$A,$C$3,PivotSource!$E:$E,"<>Closed",PivotSource!$F:$F,"At Risk") -> 0
B16: Off Track | C16: =COUNTIFS(PivotSource!$A:$A,$C$3,PivotSource!$E:$E,"<>Closed",PivotSource!$F:$F,"Off Track") -> 0
B17: Uncommitted | C17: =COUNTIFS(PivotSource!$A:$A,$C$3,PivotSource!$E:$E,"<>Closed",PivotSource!$F:$F,"Uncommitted") -> 1
B18: Date Pressure
B19: Past Due | C19: =COUNTIFS(PivotSource!$A:$A,$C$3,PivotSource!$E:$E,"<>Closed",PivotSource!$H:$H,"Past Due") -> 0
B20: Due ≤30 Days | C20: =COUNTIFS(PivotSource!$A:$A,$C$3,PivotSource!$E:$E,"<>Closed",PivotSource!$H:$H,"Due ≤30 Days") -> 0
B21: No Date | C21: =COUNTIFS(PivotSource!$A:$A,$C$3,PivotSource!$E:$E,"<>Closed",PivotSource!$H:$H,"No Date") -> 0
