Workbook

Sheet Document Control
A1: Stakeholder Assessment — Document Control
B3: Program | C3: [Program name]
B4: Artifact | C4: Stakeholder Assessment
B5: Version | C5: v1.0 — Final template for OCM team use
B6: Owner | C6: OCM Lead
B7: Reviewers | C7: Program Manager; Communications Lead
B8: Approver | C8: Program Sponsor
B9: Last revised | C9: [date]
B10: Refresh cadence | C10: Reassess support levels at each program phase and before every readiness gate; a stakeholder assessment done once is a snapshot, not a strategy.
B11: Confidentiality | C11: Support-level ratings are working judgments for the OCM team. Restrict distribution; never publish individual ratings outside the program office.
B12: Linked artifacts | C12: Communications Plan — the seven audiences here mirror the plan; engagement channels align to the plan's calendar
C13: Message House (Safer / Simpler / Ready) — the Primary Message Pillar column ties each stakeholder's engagement to the pillar that answers their concern
C14: Sponsor Action Roadmap — Sponsor Coalition Say / Attend / Sign columns feed the roadmap directly
C15: Change Impact Assessment workbook — Audience IDs are keyed to its Audience Inventory

Sheet Instructions
A1: Stakeholder Assessment — Instructions & Method
B3: Purpose
B4: This workbook identifies the individuals whose influence and support determine adoption, assesses where each stands today versus where the program needs them, and converts the gap into an engagement strategy and a working sponsor coalition.
B5: Alignment to the Communications Plan
B6: Every stakeholder is keyed to one of the seven Communications Plan audiences via Audience ID. Engagement channels and frequency should align to the plan's calendar so stakeholders hear one coordinated program voice, with 1:1 engagement layered on top for Critical and High priority individuals. The Primary Message Pillar column ties each stakeholder's talking points to the Message House pillar — Safer, Simpler, or Ready — that best answers their concern.
B7: How the tabs connect
B8: 1. Stakeholder Register — one row per named individual, keyed to an Audience ID from the Change Impact Assessment workbook.
B9: 2. Stakeholder Assessment — rate influence and impact, then record current and desired engagement. Engagement Gap, Engagement Priority, and Quadrant calculate automatically.
B10: 3. Engagement Strategy — concerns, what they gain, message pillar, channel, frequency, owner, and a dated next action per stakeholder. The Quadrant column pulls from the assessment to set the default posture.
B11: 4. Sponsor Coalition — the sponsor cascade with Say / Attend / Sign actions per sponsor, feeding the Sponsor Action Roadmap in the Communications Plan. Sponsor Follow-Through tracks delivery of those commitments — action, not attitude.
B12: 5. Summary Dashboard — automatic counts by engagement level, engagement priority, and quadrant for status reporting and gate reviews.
B13: 6. Reference Data — scoring scales used by the formulas. Do not edit.
B14: Scales
... B23: White cell = enter data | Grey cell = formula, do not edit | Red / Amber / Green = attention / watch / healthy | Italic row = worked example, replace with real data

Sheet Reference Data
A1: Reference Data — scales used by formulas (do not edit)
A2: Engagement Level | B2: Score | C2: Definition
A3: Disengaged | B3: 1 | C3: Not paying attention or actively opposed; raises objections or works around the change.
A4: Neutral | B4: 2 | C4: Aware but uncommitted; complies passively without advocating.
A5: Engaged | B5: 3 | C5: Participates willingly and speaks positively about the change when asked.
A6: Advocating | B6: 4 | C6: Actively promotes the change, removes barriers, and influences others toward adoption.
A8: Audience ID | C8: Audience Group (mirrors the Communications Plan and Change Impact Assessment)
A9: AUD-01 | C9: Executive Leadership
A10: AUD-02 | C10: People Leaders
A11: AUD-03 | C11: Frontline Staff
A12: AUD-04 | C12: General Workforce
A13: AUD-05 | C13: IT & Application Owners
A14: AUD-06 | C14: Help Desk Teams
A15: AUD-07 | C15: External Partners

Sheet Stakeholder Register
A1: Stakeholder Register — one row per named individual, keyed to a Communications Plan audience
A2: Stakeholder ID | B2: Name | C2: Title / Role | D2: Organization / Team | E2: Audience ID | F2: Audience Group | G2: Relationship Owner | H2: Notes
A3: STK-01 | B3: J. Chen | C3: Director, Applications | D3: IT | E3: AUD-05 | F3: =IF(E3="","",IFERROR(INDEX('Reference Data'!$C$9:$C$15,MATCH(E3,'Reference Data'!$A$9:$A$15,0)),"")) -> IT & Application Owners | G3: Program Manager | H3: Chairs the app-owner council; trusted voice with operational leadership.
F4: =IF(E4="","",IFERROR(INDEX('Reference Data'!$C$9:$C$15,MATCH(E4,'Reference Data'!$A$9:$A$15,0)),""))
F5: =IF(E5="","",IFERROR(INDEX('Reference Data'!$C$9:$C$15,MATCH(E5,'Reference Data'!$A$9:$A$15,0)),""))
F6: =IF(E6="","",IFERROR(INDEX('Reference Data'!$C$9:$C$15,MATCH(E6,'Reference Data'!$A$9:$A$15,0)),""))
F7: =IF(E7="","",IFERROR(INDEX('Reference Data'!$C$9:$C$15,MATCH(E7,'Reference Data'!$A$9:$A$15,0)),""))
F8: =IF(E8="","",IFERROR(INDEX('Reference Data'!$C$9:$C$15,MATCH(E8,'Reference Data'!$A$9:$A$15,0)),""))
F9: =IF(E9="","",IFERROR(INDEX('Reference Data'!$C$9:$C$15,MATCH(E9,'Reference Data'!$A$9:$A$15,0)),""))
F10: =IF(E10="","",IFERROR(INDEX('Reference Data'!$C$9:$C$15,MATCH(E10,'Reference Data'!$A$9:$A$15,0)),""))
F11: =IF(E11="","",IFERROR(INDEX('Reference Data'!$C$9:$C$15,MATCH(E11,'Reference Data'!$A$9:$A$15,0)),""))
F12: =IF(E12="","",IFERROR(INDEX('Reference Data'!$C$9:$C$15,MATCH(E12,'Reference Data'!$A$9:$A$15,0)),""))
F13: =IF(E13="","",IFERROR(INDEX('Reference Data'!$C$9:$C$15,MATCH(E13,'Reference Data'!$A$9:$A$15,0)),""))
F14: =IF(E14="","",IFERROR(INDEX('Reference Data'!$C$9:$C$15,MATCH(E14,'Reference Data'!$A$9:$A$15,0)),""))
F15: =IF(E15="","",IFERROR(INDEX('Reference Data'!$C$9:$C$15,MATCH(E15,'Reference Data'!$A$9:$A$15,0)),""))
... F122: =IF(E122="","",IFERROR(INDEX('Reference Data'!$C$9:$C$15,MATCH(E122,'Reference Data'!$A$9:$A$15,0)),""))

Sheet Stakeholder Assessment
A1: Stakeholder Assessment — influence, impact, and the engagement gap that drives priority
A2: Stakeholder ID | B2: Name | C2: Influence | D2: Impact on Stakeholder | E2: Current Engagement | F2: Desired Engagement | G2: Engagement Gap | H2: Engagement Priority | I2: Quadrant
A3: STK-01 | B3: J. Chen | C3: High | D3: High | E3: Neutral | F3: Advocating | G3: =IF(OR(E3="",F3=""),"",MATCH(F3,'Reference Data'!$A$3:$A$6,0)-MATCH(E3,'Reference Data'!$A$3:$A$6,0)) -> 2 | H3: =IF(OR(C3="",G3=""),"",IF(AND(C3="High",G3>=1),"Critical",IF(OR(C3="High",G3>=2),"High",IF(G3>=1,"Medium","Maintain")))) -> Critical | I3: =IF(OR(C3="",D3=""),"",IF(C3="High",IF(D3="Low","Keep Satisfied","Manage Closely"),IF(D3="High","Keep Informed","Monitor"))) -> Manage Closely
G4: =IF(OR(E4="",F4=""),"",MATCH(F4,'Reference Data'!$A$3:$A$6,0)-MATCH(E4,'Reference Data'!$A$3:$A$6,0)) | H4: =IF(OR(C4="",G4=""),"",IF(AND(C4="High",G4>=1),"Critical",IF(OR(C4="High",G4>=2),"High",IF(G4>=1,"Medium","Maintain")))) | I4: =IF(OR(C4="",D4=""),"",IF(C4="High",IF(D4="Low","Keep Satisfied","Manage Closely"),IF(D4="High","Keep Informed","Monitor")))
G5: =IF(OR(E5="",F5=""),"",MATCH(F5,'Reference Data'!$A$3:$A$6,0)-MATCH(E5,'Reference Data'!$A$3:$A$6,0)) | H5: =IF(OR(C5="",G5=""),"",IF(AND(C5="High",G5>=1),"Critical",IF(OR(C5="High",G5>=2),"High",IF(G5>=1,"Medium","Maintain")))) | I5: =IF(OR(C5="",D5=""),"",IF(C5="High",IF(D5="Low","Keep Satisfied","Manage Closely"),IF(D5="High","Keep Informed","Monitor")))
G6: =IF(OR(E6="",F6=""),"",MATCH(F6,'Reference Data'!$A$3:$A$6,0)-MATCH(E6,'Reference Data'!$A$3:$A$6,0)) | H6: =IF(OR(C6="",G6=""),"",IF(AND(C6="High",G6>=1),"Critical",IF(OR(C6="High",G6>=2),"High",IF(G6>=1,"Medium","Maintain")))) | I6: =IF(OR(C6="",D6=""),"",IF(C6="High",IF(D6="Low","Keep Satisfied","Manage Closely"),IF(D6="High","Keep Informed","Monitor")))
G7: =IF(OR(E7="",F7=""),"",MATCH(F7,'Reference Data'!$A$3:$A$6,0)-MATCH(E7,'Reference Data'!$A$3:$A$6,0)) | H7: =IF(OR(C7="",G7=""),"",IF(AND(C7="High",G7>=1),"Critical",IF(OR(C7="High",G7>=2),"High",IF(G7>=1,"Medium","Maintain")))) | I7: =IF(OR(C7="",D7=""),"",IF(C7="High",IF(D7="Low","Keep Satisfied","Manage Closely"),IF(D7="High","Keep Informed","Monitor")))
G8: =IF(OR(E8="",F8=""),"",MATCH(F8,'Reference Data'!$A$3:$A$6,0)-MATCH(E8,'Reference Data'!$A$3:$A$6,0)) | H8: =IF(OR(C8="",G8=""),"",IF(AND(C8="High",G8>=1),"Critical",IF(OR(C8="High",G8>=2),"High",IF(G8>=1,"Medium","Maintain")))) | I8: =IF(OR(C8="",D8=""),"",IF(C8="High",IF(D8="Low","Keep Satisfied","Manage Closely"),IF(D8="High","Keep Informed","Monitor")))
G9: =IF(OR(E9="",F9=""),"",MATCH(F9,'Reference Data'!$A$3:$A$6,0)-MATCH(E9,'Reference Data'!$A$3:$A$6,0)) | H9: =IF(OR(C9="",G9=""),"",IF(AND(C9="High",G9>=1),"Critical",IF(OR(C9="High",G9>=2),"High",IF(G9>=1,"Medium","Maintain")))) | I9: =IF(OR(C9="",D9=""),"",IF(C9="High",IF(D9="Low","Keep Satisfied","Manage Closely"),IF(D9="High","Keep Informed","Monitor")))
G10: =IF(OR(E10="",F10=""),"",MATCH(F10,'Reference Data'!$A$3:$A$6,0)-MATCH(E10,'Reference Data'!$A$3:$A$6,0)) | H10: =IF(OR(C10="",G10=""),"",IF(AND(C10="High",G10>=1),"Critical",IF(OR(C10="High",G10>=2),"High",IF(G10>=1,"Medium","Maintain")))) | I10: =IF(OR(C10="",D10=""),"",IF(C10="High",IF(D10="Low","Keep Satisfied","Manage Closely"),IF(D10="High","Keep Informed","Monitor")))
G11: =IF(OR(E11="",F11=""),"",MATCH(F11,'Reference Data'!$A$3:$A$6,0)-MATCH(E11,'Reference Data'!$A$3:$A$6,0)) | H11: =IF(OR(C11="",G11=""),"",IF(AND(C11="High",G11>=1),"Critical",IF(OR(C11="High",G11>=2),"High",IF(G11>=1,"Medium","Maintain")))) | I11: =IF(OR(C11="",D11=""),"",IF(C11="High",IF(D11="Low","Keep Satisfied","Manage Closely"),IF(D11="High","Keep Informed","Monitor")))
G12: =IF(OR(E12="",F12=""),"",MATCH(F12,'Reference Data'!$A$3:$A$6,0)-MATCH(E12,'Reference Data'!$A$3:$A$6,0)) | H12: =IF(OR(C12="",G12=""),"",IF(AND(C12="High",G12>=1),"Critical",IF(OR(C12="High",G12>=2),"High",IF(G12>=1,"Medium","Maintain")))) | I12: =IF(OR(C12="",D12=""),"",IF(C12="High",IF(D12="Low","Keep Satisfied","Manage Closely"),IF(D12="High","Keep Informed","Monitor")))
G13: =IF(OR(E13="",F13=""),"",MATCH(F13,'Reference Data'!$A$3:$A$6,0)-MATCH(E13,'Reference Data'!$A$3:$A$6,0)) | H13: =IF(OR(C13="",G13=""),"",IF(AND(C13="High",G13>=1),"Critical",IF(OR(C13="High",G13>=2),"High",IF(G13>=1,"Medium","Maintain")))) | I13: =IF(OR(C13="",D13=""),"",IF(C13="High",IF(D13="Low","Keep Satisfied","Manage Closely"),IF(D13="High","Keep Informed","Monitor")))
G14: =IF(OR(E14="",F14=""),"",MATCH(F14,'Reference Data'!$A$3:$A$6,0)-MATCH(E14,'Reference Data'!$A$3:$A$6,0)) | H14: =IF(OR(C14="",G14=""),"",IF(AND(C14="High",G14>=1),"Critical",IF(OR(C14="High",G14>=2),"High",IF(G14>=1,"Medium","Maintain")))) | I14: =IF(OR(C14="",D14=""),"",IF(C14="High",IF(D14="Low","Keep Satisfied","Manage Closely"),IF(D14="High","Keep Informed","Monitor")))
G15: =IF(OR(E15="",F15=""),"",MATCH(F15,'Reference Data'!$A$3:$A$6,0)-MATCH(E15,'Reference Data'!$A$3:$A$6,0)) | H15: =IF(OR(C15="",G15=""),"",IF(AND(C15="High",G15>=1),"Critical",IF(OR(C15="High",G15>=2),"High",IF(G15>=1,"Medium","Maintain")))) | I15: =IF(OR(C15="",D15=""),"",IF(C15="High",IF(D15="Low","Keep Satisfied","Manage Closely"),IF(D15="High","Keep Informed","Monitor")))
... G122: =IF(OR(E122="",F122=""),"",MATCH(F122,'Reference Data'!$A$3:$A$6,0)-MATCH(E122,'Reference Data'!$A$3:$A$6,0)) | H122: =IF(OR(C122="",G122=""),"",IF(AND(C122="High",G122>=1),"Critical",IF(OR(C122="High",G122>=2),"High",IF(G122>=1,"Medium","Maintain")))) | I122: =IF(OR(C122="",D122=""),"",IF(C122="High",IF(D122="Low","Keep Satisfied","Manage Closely"),IF(D122="High","Keep Informed","Monitor")))

Sheet Engagement Strategy
A1: Engagement Strategy — tailored plan per stakeholder; pillar ties talking points to the Message House
A2: Stakeholder ID | B2: Name | C2: Quadrant (auto) | D2: Key Concerns | E2: What They Gain | F2: Primary Message Pillar | G2: Preferred Channel | H2: Frequency | I2: Engagement Owner | J2: Next Action | K2: Next Action Date | L2: Status
A3: STK-01 | B3: J. Chen | C3: =IF(A3="","",IFERROR(INDEX('Stakeholder Assessment'!$I:$I,MATCH(A3,'Stakeholder Assessment'!$A:$A,0)),"")) -> Manage Closely | D3: Testing load on app owners during a competing upgrade window; fears service disruption at cutover. | E3: Single access model reduces owner support tickets; earlier visibility into wave schedules. | F3: Simpler | G3: 1:1 meeting | H3: Biweekly | I3: Program Manager | J3: Walk through the Wave 1 test calendar and agree the validation deadline. | K3: [YYYY-MM-DD] | L3: Open
C4: =IF(A4="","",IFERROR(INDEX('Stakeholder Assessment'!$I:$I,MATCH(A4,'Stakeholder Assessment'!$A:$A,0)),""))
C5: =IF(A5="","",IFERROR(INDEX('Stakeholder Assessment'!$I:$I,MATCH(A5,'Stakeholder Assessment'!$A:$A,0)),""))
C6: =IF(A6="","",IFERROR(INDEX('Stakeholder Assessment'!$I:$I,MATCH(A6,'Stakeholder Assessment'!$A:$A,0)),""))
C7: =IF(A7="","",IFERROR(INDEX('Stakeholder Assessment'!$I:$I,MATCH(A7,'Stakeholder Assessment'!$A:$A,0)),""))
C8: =IF(A8="","",IFERROR(INDEX('Stakeholder Assessment'!$I:$I,MATCH(A8,'Stakeholder Assessment'!$A:$A,0)),""))
C9: =IF(A9="","",IFERROR(INDEX('Stakeholder Assessment'!$I:$I,MATCH(A9,'Stakeholder Assessment'!$A:$A,0)),""))
C10: =IF(A10="","",IFERROR(INDEX('Stakeholder Assessment'!$I:$I,MATCH(A10,'Stakeholder Assessment'!$A:$A,0)),""))
C11: =IF(A11="","",IFERROR(INDEX('Stakeholder Assessment'!$I:$I,MATCH(A11,'Stakeholder Assessment'!$A:$A,0)),""))
C12: =IF(A12="","",IFERROR(INDEX('Stakeholder Assessment'!$I:$I,MATCH(A12,'Stakeholder Assessment'!$A:$A,0)),""))
C13: =IF(A13="","",IFERROR(INDEX('Stakeholder Assessment'!$I:$I,MATCH(A13,'Stakeholder Assessment'!$A:$A,0)),""))
C14: =IF(A14="","",IFERROR(INDEX('Stakeholder Assessment'!$I:$I,MATCH(A14,'Stakeholder Assessment'!$A:$A,0)),""))
C15: =IF(A15="","",IFERROR(INDEX('Stakeholder Assessment'!$I:$I,MATCH(A15,'Stakeholder Assessment'!$A:$A,0)),""))
... C122: =IF(A122="","",IFERROR(INDEX('Stakeholder Assessment'!$I:$I,MATCH(A122,'Stakeholder Assessment'!$A:$A,0)),""))

Sheet Sponsor Coalition
A1: Sponsor Coalition — the sponsor cascade; Say / Attend / Sign feeds the Sponsor Action Roadmap
A2: Sponsor Name | B2: Sponsor Level | C2: Audience Groups Covered | D2: Say (messages the sponsor delivers) | E2: Attend (moments the sponsor shows up) | F2: Sign (approvals and recognitions the sponsor owns) | G2: Timing / Phase | H2: Sponsor Follow-Through | I2: Coaching Needs | J2: Coalition Owner
A3: M. Okafor | B3: Cascading | C3: IT & Application Owners | D3: Opens the Wave 1 briefing; reinforces the validation deadline at the monthly leaders meeting. | E3: Wave readiness review; first go-live morning check-in. | F3: Signs the wave validation certificate; recognizes completed app owners by name. | G3: [Wave 1 window] | H3: Consistent | I3: Talking points and a one-page wave summary before each leaders meeting. | J3: OCM Lead

Sheet Summary Dashboard
A1: Summary Dashboard — automatic counts for status reporting and gate reviews
B3: Current Engagement Level
B4: Disengaged | C4: =COUNTIF('Stakeholder Assessment'!$E:$E,"Disengaged") -> 0
B5: Neutral | C5: =COUNTIF('Stakeholder Assessment'!$E:$E,"Neutral") -> 1
B6: Engaged | C6: =COUNTIF('Stakeholder Assessment'!$E:$E,"Engaged") -> 0
B7: Advocating | C7: =COUNTIF('Stakeholder Assessment'!$E:$E,"Advocating") -> 0
B9: Engagement Priority
B10: Critical | C10: =COUNTIF('Stakeholder Assessment'!$H:$H,"Critical") -> 1
B11: High | C11: =COUNTIF('Stakeholder Assessment'!$H:$H,"High") -> 0
B12: Medium | C12: =COUNTIF('Stakeholder Assessment'!$H:$H,"Medium") -> 0
B13: Maintain | C13: =COUNTIF('Stakeholder Assessment'!$H:$H,"Maintain") -> 0
B15: Quadrant
B16: Manage Closely | C16: =COUNTIF('Stakeholder Assessment'!$I:$I,"Manage Closely") -> 1
B17: Keep Satisfied | C17: =COUNTIF('Stakeholder Assessment'!$I:$I,"Keep Satisfied") -> 0
B18: Keep Informed | C18: =COUNTIF('Stakeholder Assessment'!$I:$I,"Keep Informed") -> 0
B19: Monitor | C19: =COUNTIF('Stakeholder Assessment'!$I:$I,"Monitor") -> 0
B21: Open Next Actions
B22: Open | C22: =COUNTIF('Engagement Strategy'!$L:$L,"Open") -> 1
B23: In Progress | C23: =COUNTIF('Engagement Strategy'!$L:$L,"In Progress") -> 0
B25: Counts include worked example rows until they are replaced with real data.
